song_id,song_title,artist_name,views,listeners,melon_song_id,crawl_date
melon_실리카겔_no_pain,NO PAIN,실리카겔,9788532,521997,35557325,2025-07-10 20:09:28
melon_실리카겔_no_pain,NO PAIN,실리카겔,9788532,521997,35557325,2025-07-10 18:45:56
melon_실리카겔_no_pain,NO PAIN,실리카겔,9788532,521997,35557325,2025-07-10 18:27:55
melon_실리카겔_no_pain,NO PAIN,실리카겔,9788532,521997,35557325,2025-07-10 17:49:29
melon_실리카겔_no_pain,NO PAIN,실리카겔,9788532,521997,35557325,2025-07-10 17:44:20
melon_실리카겔_no_pain,NO PAIN,실리카겔,9788532,521997,35557325,2025-07-10 10:35:55
melon_실리카겔_no_pain,NO PAIN,실리카겔,9778126,521577,35557325,2025-07-09 18:24:08
melon_실리카겔_no_pain,NO PAIN,실리카겔,9778126,521577,35557325,2025-07-09 18:22:19
melon_실리카겔_no_pain,NO PAIN,실리카겔,9778126,521577,35557325,2025-07-09 17:42:49
melon_실리카겔_no_pain,NO PAIN,실리카겔,9778126,521577,35557325,2025-07-09 17:41:17
melon_실리카겔_no_pain,NO PAIN,실리카겔,9778126,521577,35557325,2025-07-09 17:36:54
melon_실리카겔_no_pain,NO PAIN,실리카겔,9778126,521577,35557325,2025-07-09 17:32:42
melon_실리카겔_no_pain,NO PAIN,실리카겔,9778126,521577,35557325,2025-07-09 17:31:55
melon_실리카겔_no_pain,NO PAIN,실리카겔,9778126,521577,35557325,2025-07-09 17:22:14
melon_실리카겔_no_pain,NO PAIN,실리카겔,9778126,521577,35557325,2025-07-09 17:10:39
melon_실리카겔_no_pain,NO PAIN,실리카겔,9778126,521577,35557325,2025-07-09 17:04:44
melon_실리카겔_no_pain,NO PAIN,실리카겔,9778126,521577,35557325,2025-07-09 17:02:50
melon_실리카겔_no_pain,NO PAIN,실리카겔,9778126,521577,35557325,2025-07-09 16:56:52
melon_실리카겔_no_pain,NO PAIN,실리카겔,9778126,521577,35557325,2025-07-09 16:49:12
melon_실리카겔_no_pain,NO PAIN,실리카겔,9778126,521577,35557325,2025-07-09 16:30:02
melon_실리카겔_no_pain,NO PAIN,실리카겔,9778126,521577,35557325,2025-07-09 16:09:27
melon_실리카겔_no_pain,NO PAIN,실리카겔,9778126,521577,35557325,2025-07-09 15:50:14
melon_실리카겔_no_pain,NO PAIN,실리카겔,9778126,521577,35557325,2025-07-09 15:43:51
melon_실리카겔_no_pain,NO PAIN,실리카겔,9778126,521577,35557325,2025-07-09 15:40:40
melon_실리카겔_no_pain,NO PAIN,실리카겔,9778126,521577,35557325,2025-07-09 15:36:35
melon_실리카겔_no_pain,NO PAIN,실리카겔,9778126,521577,35557325,2025-07-09 15:31:06
melon_실리카겔_no_pain,NO PAIN,실리카겔,9778126,521577,35557325,2025-07-09 14:55:33
melon_실리카겔_no_pain,NO PAIN,실리카겔,9778126,521577,35557325,2025-07-09 14:17:51
melon_실리카겔_no_pain,NO PAIN,실리카겔,9778126,521577,35557325,2025-07-09 12:25:58
melon_실리카겔_no_pain,NO PAIN,실리카겔,9778126,521577,35557325,2025-07-09 12:21:56
melon_실리카겔_no_pain,NO PAIN,실리카겔,9778126,521577,35557325,2025-07-09 12:17:48
melon_실리카겔_no_pain,NO PAIN,실리카겔,9778126,521577,35557325,2025-07-09 11:59:24
melon_실리카겔_no_pain,NO PAIN,실리카겔,9778126,521577,35557325,2025-07-09 11:45:35
melon_실리카겔_no_pain,NO PAIN,실리카겔,9778126,521577,35557325,2025-07-09 11:41:47
melon_실리카겔_no_pain,NO PAIN,실리카겔,9778126,521577,35557325,2025-07-09 11:32:12
melon_실리카겔_no_pain,NO PAIN,실리카겔,9778126,521577,35557325,2025-07-09 11:27:32
melon_실리카겔_no_pain,NO PAIN,실리카겔,9778126,521577,35557325,2025-07-09 11:23:57
melon_실리카겔_no_pain,NO PAIN,실리카겔,9778126,521577,35557325,2025-07-09 10:43:52
melon_실리카겔_no_pain,NO PAIN,실리카겔,9778126,521577,35557325,2025-07-09 09:59:28
melon_실리카겔_no_pain,NO PAIN,실리카겔,9767850,521188,35557325,2025-07-08 18:09:45
melon_실리카겔_no_pain,NO PAIN,실리카겔,9767850,521188,35557325,2025-07-08 18:03:40
melon_실리카겔_no_pain,NO PAIN,실리카겔,9767850,521188,35557325,2025-07-08 17:45:36
melon_실리카겔_no_pain,NO PAIN,실리카겔,9767850,521188,35557325,2025-07-08 17:08:27
melon_실리카겔_no_pain,NO PAIN,실리카겔,9767850,521188,35557325,2025-07-08 17:06:31
melon_실리카겔_no_pain,NO PAIN,실리카겔,9767850,521188,35557325,2025-07-08 16:40:38
melon_실리카겔_no_pain,NO PAIN,실리카겔,9767850,521188,35557325,2025-07-08 16:37:46
melon_실리카겔_no_pain,NO PAIN,실리카겔,9767850,521188,35557325,2025-07-08 16:34:16
melon_실리카겔_no_pain,NO PAIN,실리카겔,9767850,521188,35557325,2025-07-08 15:57:43
melon_실리카겔_no_pain,NO PAIN,실리카겔,9767850,521188,35557325,2025-07-08 15:54:02
melon_실리카겔_no_pain,NO PAIN,실리카겔,9767850,521188,35557325,2025-07-08 15:50:58
melon_실리카겔_no_pain,NO PAIN,실리카겔,9767850,521188,35557325,2025-07-08 15:06:12
melon_실리카겔_no_pain,NO PAIN,실리카겔,9767850,521188,35557325,2025-07-08 15:01:13
melon_실리카겔_no_pain,NO PAIN,실리카겔,9767850,521188,35557325,2025-07-08 14:51:17
melon_실리카겔_no_pain,NO PAIN,실리카겔,9767850,521188,35557325,2025-07-08 14:38:52
melon_실리카겔_no_pain,NO PAIN,실리카겔,9767850,521188,35557325,2025-07-08 14:29:55
melon_실리카겔_no_pain,NO PAIN,실리카겔,9767850,521188,35557325,2025-07-08 14:15:46
melon_실리카겔_no_pain,NO PAIN,실리카겔,9767850,521188,35557325,2025-07-08 14:14:16
melon_실리카겔_no_pain,NO PAIN,실리카겔,9767850,521188,35557325,2025-07-08 14:02:59
melon_실리카겔_no_pain,NO PAIN,실리카겔,9767850,521188,35557325,2025-07-08 13:54:50
melon_실리카겔_no_pain,NO PAIN,실리카겔,9767850,521188,35557325,2025-07-08 13:46:02
melon_실리카겔_no_pain,NO PAIN,실리카겔,9767850,521188,35557325,2025-07-08 13:41:39
melon_실리카겔_no_pain,NO PAIN,실리카겔,9767850,521188,35557325,2025-07-08 11:39:44
melon_실리카겔_no_pain,NO PAIN,실리카겔,9767850,521188,35557325,2025-07-08 11:37:49
melon_실리카겔_no_pain,NO PAIN,실리카겔,9767850,521188,35557325,2025-07-08 11:35:31
melon_실리카겔_no_pain,NO PAIN,실리카겔,9767850,521188,35557325,2025-07-08 11:33:26
melon_실리카겔_no_pain,NO PAIN,실리카겔,9767850,521188,35557325,2025-07-08 11:31:45
melon_실리카겔_no_pain,NO PAIN,실리카겔,9767850,521188,35557325,2025-07-08 11:27:21
melon_실리카겔_no_pain,NO PAIN,실리카겔,9767850,521188,35557325,2025-07-08 11:20:01
melon_실리카겔_no_pain,NO PAIN,실리카겔,9767850,521188,35557325,2025-07-08 10:55:51
melon_실리카겔_no_pain,NO PAIN,실리카겔,9757630,520743,35557325,2025-07-07 17:58:37
melon_실리카겔_no_pain,NO PAIN,실리카겔,9757630,520743,35557325,2025-07-07 17:58:20
melon_실리카겔_no_pain,NO PAIN,실리카겔,9757630,520743,35557325,2025-07-07 17:41:58
melon_실리카겔_no_pain,NO PAIN,실리카겔,9757630,520743,35557325,2025-07-07 17:35:37
melon_실리카겔_no_pain,NO PAIN,실리카겔,9757630,520743,35557325,2025-07-07 17:23:51
melon_실리카겔_no_pain,NO PAIN,실리카겔,9757630,520743,35557325,2025-07-07 17:19:20
